Project Name,Package Name,Type Name,NOF,NOPF,NOM,NOPM,LOC,WMC,NC,DIT,LCOM,FANIN,FANOUT,File path,Line no
keycloak-config-cli,(default package),MavenWrapperDownloader,5,0,3,1,84,8,0,0,1.0,0,0,C:\Vishnu\Dal_2022-23\Summer\CSCI_3130\Assignment3\.\keycloak-config-cli\.mvn\wrapper\MavenWrapperDownloader.java,21
keycloak-config-cli,org.keycloak.representations.idm,RealmRepresentation,134,0,264,264,952,272,0,0,0.5,30,0,C:\Vishnu\Dal_2022-23\Summer\CSCI_3130\Assignment3\.\keycloak-config-cli\contrib\custom-representations\src\main\java\org\keycloak\representations\idm\RealmRepresentation.java,25
keycloak-config-cli,de.adorsys.keycloak.config.configuration,KeycloakConfigConfiguration,1,0,2,2,9,2,0,0,0.0,0,0,C:\Vishnu\Dal_2022-23\Summer\CSCI_3130\Assignment3\.\keycloak-config-cli\src\main\java\de\adorsys\keycloak\config\configuration\KeycloakConfigConfiguration.java,29
keycloak-config-cli,de.adorsys.keycloak.config.configuration,TestConfiguration,0,0,0,0,2,0,0,0,-1.0,0,0,C:\Vishnu\Dal_2022-23\Summer\CSCI_3130\Assignment3\.\keycloak-config-cli\src\test\java\de\adorsys\keycloak\config\configuration\TestConfiguration.java,29
keycloak-config-cli,de.adorsys.keycloak.config.exception,ImportProcessingException,0,0,4,4,14,4,0,0,-1.0,9,0,C:\Vishnu\Dal_2022-23\Summer\CSCI_3130\Assignment3\.\keycloak-config-cli\src\main\java\de\adorsys\keycloak\config\exception\ImportProcessingException.java,24
keycloak-config-cli,de.adorsys.keycloak.config.exception,InvalidImportException,0,0,2,2,8,2,0,0,-1.0,5,0,C:\Vishnu\Dal_2022-23\Summer\CSCI_3130\Assignment3\.\keycloak-config-cli\src\main\java\de\adorsys\keycloak\config\exception\InvalidImportException.java,24
keycloak-config-cli,de.adorsys.keycloak.config.exception,KeycloakProviderException,0,0,2,2,8,2,0,0,-1.0,0,0,C:\Vishnu\Dal_2022-23\Summer\CSCI_3130\Assignment3\.\keycloak-config-cli\src\main\java\de\adorsys\keycloak\config\exception\KeycloakProviderException.java,24
keycloak-config-cli,de.adorsys.keycloak.config.exception,KeycloakRepositoryException,0,0,2,2,8,2,0,0,-1.0,4,0,C:\Vishnu\Dal_2022-23\Summer\CSCI_3130\Assignment3\.\keycloak-config-cli\src\main\java\de\adorsys\keycloak\config\exception\KeycloakRepositoryException.java,24
keycloak-config-cli,de.adorsys.keycloak.config.exception,KeycloakVersionUnsupportedException,0,0,1,1,5,1,0,0,-1.0,0,0,C:\Vishnu\Dal_2022-23\Summer\CSCI_3130\Assignment3\.\keycloak-config-cli\src\main\java\de\adorsys\keycloak\config\exception\KeycloakVersionUnsupportedException.java,24
keycloak-config-cli,de.adorsys.keycloak.config.factory,UsedAuthenticationFlowWorkaroundFactory,14,0,2,2,259,2,0,0,1.0,1,4,C:\Vishnu\Dal_2022-23\Summer\CSCI_3130\Assignment3\.\keycloak-config-cli\src\main\java\de\adorsys\keycloak\config\factory\UsedAuthenticationFlowWorkaroundFactory.java,38
keycloak-config-cli,de.adorsys.keycloak.config.factory,UsedAuthenticationFlowWorkaroundFactory.UsedAuthenticationFlowWorkaround,11,0,0,0,246,0,0,0,-1.0,0,1,C:\Vishnu\Dal_2022-23\Summer\CSCI_3130\Assignment3\.\keycloak-config-cli\src\main\java\de\adorsys\keycloak\config\factory\UsedAuthenticationFlowWorkaroundFactory.java,60
keycloak-config-cli,de.adorsys.keycloak.config,KeycloakConfigApplication,0,0,1,1,5,1,0,0,-1.0,0,0,C:\Vishnu\Dal_2022-23\Summer\CSCI_3130\Assignment3\.\keycloak-config-cli\src\main\java\de\adorsys\keycloak\config\KeycloakConfigApplication.java,29
keycloak-config-cli,de.adorsys.keycloak.config,KeycloakConfigRunner,6,0,3,3,46,7,0,0,0.0,3,4,C:\Vishnu\Dal_2022-23\Summer\CSCI_3130\Assignment3\.\keycloak-config-cli\src\main\java\de\adorsys\keycloak\config\KeycloakConfigRunner.java,41
keycloak-config-cli,de.adorsys.keycloak.config,AbstractImportIT,6,2,0,0,39,0,4,1,-1.0,0,0,C:\Vishnu\Dal_2022-23\Summer\CSCI_3130\Assignment3\.\keycloak-config-cli\src\test\java\de\adorsys\keycloak\config\AbstractImportIT.java,36
keycloak-config-cli,de.adorsys.keycloak.config,AbstractImportTest,6,6,4,4,24,5,1,0,0.0,0,5,C:\Vishnu\Dal_2022-23\Summer\CSCI_3130\Assignment3\.\keycloak-config-cli\src\test\java\de\adorsys\keycloak\config\AbstractImportTest.java,44
keycloak-config-cli,de.adorsys.keycloak.config,CommandLineImportIT,2,0,0,0,36,0,0,2,-1.0,0,1,C:\Vishnu\Dal_2022-23\Summer\CSCI_3130\Assignment3\.\keycloak-config-cli\src\test\java\de\adorsys\keycloak\config\CommandLineImportIT.java,38
keycloak-config-cli,de.adorsys.keycloak.config,CommandLineImportIT.CommandLineImportFilesIT,0,0,0,0,20,0,0,2,-1.0,0,0,C:\Vishnu\Dal_2022-23\Summer\CSCI_3130\Assignment3\.\keycloak-config-cli\src\test\java\de\adorsys\keycloak\config\CommandLineImportIT.java,39
keycloak-config-cli,de.adorsys.keycloak.config,CommandLineImportIT.CommandLineImportInvalidIT,1,0,0,0,7,0,0,2,-1.0,0,1,C:\Vishnu\Dal_2022-23\Summer\CSCI_3130\Assignment3\.\keycloak-config-cli\src\test\java\de\adorsys\keycloak\config\CommandLineImportIT.java,85
keycloak-config-cli,de.adorsys.keycloak.config,CommandLineImportIT.CommandLineImportNotExistsExceptionIT,1,0,0,0,7,0,0,2,-1.0,0,1,C:\Vishnu\Dal_2022-23\Summer\CSCI_3130\Assignment3\.\keycloak-config-cli\src\test\java\de\adorsys\keycloak\config\CommandLineImportIT.java,102
keycloak-config-cli,de.adorsys.keycloak.config.model,AuthenticationFlowImport,1,0,2,2,21,2,0,0,1.0,0,0,C:\Vishnu\Dal_2022-23\Summer\CSCI_3130\Assignment3\.\keycloak-config-cli\src\main\java\de\adorsys\keycloak\config\model\AuthenticationFlowImport.java,31
keycloak-config-cli,de.adorsys.keycloak.config.model,AuthenticationFlowImport.AuthenticationExecutionExportRepresentationComparator,0,0,0,0,8,0,0,0,-1.0,0,0,C:\Vishnu\Dal_2022-23\Summer\CSCI_3130\Assignment3\.\keycloak-config-cli\src\main\java\de\adorsys\keycloak\config\model\AuthenticationFlowImport.java,53
keycloak-config-cli,de.adorsys.keycloak.config.model,ImportResource,0,0,2,2,8,2,0,0,-1.0,1,0,C:\Vishnu\Dal_2022-23\Summer\CSCI_3130\Assignment3\.\keycloak-config-cli\src\main\java\de\adorsys\keycloak\config\model\ImportResource.java,25
keycloak-config-cli,de.adorsys.keycloak.config.model,KeycloakImport,1,0,2,2,9,2,0,0,0.0,2,0,C:\Vishnu\Dal_2022-23\Summer\CSCI_3130\Assignment3\.\keycloak-config-cli\src\main\java\de\adorsys\keycloak\config\model\KeycloakImport.java,26
keycloak-config-cli,de.adorsys.keycloak.config.model,RealmImport,3,0,6,6,24,7,0,0,0.5,37,0,C:\Vishnu\Dal_2022-23\Summer\CSCI_3130\Assignment3\.\keycloak-config-cli\src\main\java\de\adorsys\keycloak\config\model\RealmImport.java,33
keycloak-config-cli,de.adorsys.keycloak.config.properties,ImportConfigProperties,40,3,9,9,217,9,0,0,0.0,21,0,C:\Vishnu\Dal_2022-23\Summer\CSCI_3130\Assignment3\.\keycloak-config-cli\src\main\java\de\adorsys\keycloak\config\properties\ImportConfigProperties.java,32
keycloak-config-cli,de.adorsys.keycloak.config.properties,ImportConfigProperties.ImportManagedProperties,13,0,0,0,70,0,0,0,-1.0,0,0,C:\Vishnu\Dal_2022-23\Summer\CSCI_3130\Assignment3\.\keycloak-config-cli\src\main\java\de\adorsys\keycloak\config\properties\ImportConfigProperties.java,112
keycloak-config-cli,de.adorsys.keycloak.config.properties,ImportConfigProperties.ImportManagedPropertiesValues,0,0,0,0,1,0,0,0,-1.0,0,0,C:\Vishnu\Dal_2022-23\Summer\CSCI_3130\Assignment3\.\keycloak-config-cli\src\main\java\de\adorsys\keycloak\config\properties\ImportConfigProperties.java,227
keycloak-config-cli,de.adorsys.keycloak.config.properties,ImportConfigProperties.ImportFilesProperties,3,0,0,0,19,0,0,0,-1.0,0,0,C:\Vishnu\Dal_2022-23\Summer\CSCI_3130\Assignment3\.\keycloak-config-cli\src\main\java\de\adorsys\keycloak\config\properties\ImportConfigProperties.java,232
keycloak-config-cli,de.adorsys.keycloak.config.properties,ImportConfigProperties.ImportVarSubstitutionProperties,5,0,0,0,29,0,0,0,-1.0,0,0,C:\Vishnu\Dal_2022-23\Summer\CSCI_3130\Assignment3\.\keycloak-config-cli\src\main\java\de\adorsys\keycloak\config\properties\ImportConfigProperties.java,262
keycloak-config-cli,de.adorsys.keycloak.config.properties,ImportConfigProperties.ImportBehaviorsProperties,3,0,0,0,19,0,0,0,-1.0,0,0,C:\Vishnu\Dal_2022-23\Summer\CSCI_3130\Assignment3\.\keycloak-config-cli\src\main\java\de\adorsys\keycloak\config\properties\ImportConfigProperties.java,308
keycloak-config-cli,de.adorsys.keycloak.config.properties,ImportConfigProperties.ImportCacheProperties,2,0,0,0,14,0,0,0,-1.0,0,0,C:\Vishnu\Dal_2022-23\Summer\CSCI_3130\Assignment3\.\keycloak-config-cli\src\main\java\de\adorsys\keycloak\config\properties\ImportConfigProperties.java,338
keycloak-config-cli,de.adorsys.keycloak.config.properties,ImportConfigProperties.ImportRemoteStateProperties,3,0,0,0,19,0,0,0,-1.0,0,0,C:\Vishnu\Dal_2022-23\Summer\CSCI_3130\Assignment3\.\keycloak-config-cli\src\main\java\de\adorsys\keycloak\config\properties\ImportConfigProperties.java,360
keycloak-config-cli,de.adorsys.keycloak.config.properties,KeycloakConfigProperties,16,0,14,14,88,14,0,0,0.0,4,0,C:\Vishnu\Dal_2022-23\Summer\CSCI_3130\Assignment3\.\keycloak-config-cli\src\main\java\de\adorsys\keycloak\config\properties\KeycloakConfigProperties.java,33
keycloak-config-cli,de.adorsys.keycloak.config.properties,KeycloakConfigProperties.KeycloakAvailabilityCheck,3,0,0,0,19,0,0,0,-1.0,0,0,C:\Vishnu\Dal_2022-23\Summer\CSCI_3130\Assignment3\.\keycloak-config-cli\src\main\java\de\adorsys\keycloak\config\properties\KeycloakConfigProperties.java,153
keycloak-config-cli,de.adorsys.keycloak.config.properties,ImportConfigPropertiesTest,1,0,1,0,38,1,0,0,0.0,0,1,C:\Vishnu\Dal_2022-23\Summer\CSCI_3130\Assignment3\.\keycloak-config-cli\src\test\java\de\adorsys\keycloak\config\properties\ImportConfigPropertiesTest.java,38
keycloak-config-cli,de.adorsys.keycloak.config.properties,ImportConfigPropertiesTest.TestConfiguration,0,0,0,0,2,0,0,0,-1.0,0,0,C:\Vishnu\Dal_2022-23\Summer\CSCI_3130\Assignment3\.\keycloak-config-cli\src\test\java\de\adorsys\keycloak\config\properties\ImportConfigPropertiesTest.java,117
keycloak-config-cli,de.adorsys.keycloak.config.properties,KeycloakConfigPropertiesTest,1,0,1,0,19,1,0,0,0.0,0,1,C:\Vishnu\Dal_2022-23\Summer\CSCI_3130\Assignment3\.\keycloak-config-cli\src\test\java\de\adorsys\keycloak\config\properties\KeycloakConfigPropertiesTest.java,40
keycloak-config-cli,de.adorsys.keycloak.config.properties,KeycloakConfigPropertiesTest.TestConfiguration,0,0,0,0,2,0,0,0,-1.0,0,0,C:\Vishnu\Dal_2022-23\Summer\CSCI_3130\Assignment3\.\keycloak-config-cli\src\test\java\de\adorsys\keycloak\config\properties\KeycloakConfigPropertiesTest.java,80
keycloak-config-cli,de.adorsys.keycloak.config.provider,FileUtils,1,0,3,2,30,6,0,0,0.6666666666666666,1,0,C:\Vishnu\Dal_2022-23\Summer\CSCI_3130\Assignment3\.\keycloak-config-cli\src\main\java\de\adorsys\keycloak\config\provider\FileUtils.java,28
keycloak-config-cli,de.adorsys.keycloak.config.provider,KeycloakImportProvider,5,0,13,3,148,26,0,0,0.3076923076923077,6,4,C:\Vishnu\Dal_2022-23\Summer\CSCI_3130\Assignment3\.\keycloak-config-cli\src\main\java\de\adorsys\keycloak\config\provider\KeycloakImportProvider.java,56
keycloak-config-cli,de.adorsys.keycloak.config.provider,KeycloakProvider,5,0,13,6,117,24,0,0,0.0,13,2,C:\Vishnu\Dal_2022-23\Summer\CSCI_3130\Assignment3\.\keycloak-config-cli\src\main\java\de\adorsys\keycloak\config\provider\KeycloakProvider.java,49
keycloak-config-cli,de.adorsys.keycloak.config.provider,FileUtilsTest,0,0,1,0,5,1,0,0,-1.0,0,0,C:\Vishnu\Dal_2022-23\Summer\CSCI_3130\Assignment3\.\keycloak-config-cli\src\test\java\de\adorsys\keycloak\config\provider\FileUtilsTest.java,29
keycloak-config-cli,de.adorsys.keycloak.config.provider,KeycloakImportProviderIT,3,0,24,0,161,24,0,0,0.125,0,3,C:\Vishnu\Dal_2022-23\Summer\CSCI_3130\Assignment3\.\keycloak-config-cli\src\test\java\de\adorsys\keycloak\config\provider\KeycloakImportProviderIT.java,49
keycloak-config-cli,de.adorsys.keycloak.config.provider,KeycloakImportProviderIT.HiddenFilesTrue,1,0,0,0,9,0,0,0,-1.0,0,1,C:\Vishnu\Dal_2022-23\Summer\CSCI_3130\Assignment3\.\keycloak-config-cli\src\test\java\de\adorsys\keycloak\config\provider\KeycloakImportProviderIT.java,328
keycloak-config-cli,de.adorsys.keycloak.config.provider,KeycloakImportProviderIT.Exclude,1,0,0,0,9,0,0,0,-1.0,0,1,C:\Vishnu\Dal_2022-23\Summer\CSCI_3130\Assignment3\.\keycloak-config-cli\src\test\java\de\adorsys\keycloak\config\provider\KeycloakImportProviderIT.java,357
keycloak-config-cli,de.adorsys.keycloak.config.provider,KeycloakProviderIT,3,3,0,0,57,0,0,0,-1.0,0,1,C:\Vishnu\Dal_2022-23\Summer\CSCI_3130\Assignment3\.\keycloak-config-cli\src\test\java\de\adorsys\keycloak\config\provider\KeycloakProviderIT.java,43
keycloak-config-cli,de.adorsys.keycloak.config.provider,KeycloakProviderIT.ResteasyReadTimeout,0,0,0,0,8,0,0,0,-1.0,0,0,C:\Vishnu\Dal_2022-23\Summer\CSCI_3130\Assignment3\.\keycloak-config-cli\src\test\java\de\adorsys\keycloak\config\provider\KeycloakProviderIT.java,44
keycloak-config-cli,de.adorsys.keycloak.config.provider,KeycloakProviderIT.ResteasyConnectTimeout,0,0,0,0,8,0,0,0,-1.0,0,0,C:\Vishnu\Dal_2022-23\Summer\CSCI_3130\Assignment3\.\keycloak-config-cli\src\test\java\de\adorsys\keycloak\config\provider\KeycloakProviderIT.java,59
keycloak-config-cli,de.adorsys.keycloak.config.provider,KeycloakProviderIT.RaiseTimeout,1,1,0,0,7,0,0,0,-1.0,0,1,C:\Vishnu\Dal_2022-23\Summer\CSCI_3130\Assignment3\.\keycloak-config-cli\src\test\java\de\adorsys\keycloak\config\provider\KeycloakProviderIT.java,77
keycloak-config-cli,de.adorsys.keycloak.config.provider,KeycloakProviderIT.InvalidServerUrl,1,1,0,0,6,0,0,0,-1.0,0,1,C:\Vishnu\Dal_2022-23\Summer\CSCI_3130\Assignment3\.\keycloak-config-cli\src\test\java\de\adorsys\keycloak\config\provider\KeycloakProviderIT.java,96
keycloak-config-cli,de.adorsys.keycloak.config.provider,KeycloakProviderIT.HttpProxySystemProperties,1,1,0,0,7,0,0,0,-1.0,0,1,C:\Vishnu\Dal_2022-23\Summer\CSCI_3130\Assignment3\.\keycloak-config-cli\src\test\java\de\adorsys\keycloak\config\provider\KeycloakProviderIT.java,110
keycloak-config-cli,de.adorsys.keycloak.config.provider,KeycloakProviderIT.HttpProxySpringProperties,0,0,0,0,6,0,0,0,-1.0,0,0,C:\Vishnu\Dal_2022-23\Summer\CSCI_3130\Assignment3\.\keycloak-config-cli\src\test\java\de\adorsys\keycloak\config\provider\KeycloakProviderIT.java,128
keycloak-config-cli,de.adorsys.keycloak.config.provider,KeycloakProviderIT.GetCustomApiProxy,0,0,0,0,6,0,0,0,-1.0,0,0,C:\Vishnu\Dal_2022-23\Summer\CSCI_3130\Assignment3\.\keycloak-config-cli\src\test\java\de\adorsys\keycloak\config\provider\KeycloakProviderIT.java,142
keycloak-config-cli,de.adorsys.keycloak.config.provider,KeycloakProviderIT.GetCustomApiProxyInvalidUri,0,0,0,0,7,0,0,0,-1.0,0,0,C:\Vishnu\Dal_2022-23\Summer\CSCI_3130\Assignment3\.\keycloak-config-cli\src\test\java\de\adorsys\keycloak\config\provider\KeycloakProviderIT.java,151
keycloak-config-cli,de.adorsys.keycloak.config.repository,AuthenticationFlowRepository,2,0,12,12,86,13,0,0,0.0,7,3,C:\Vishnu\Dal_2022-23\Summer\CSCI_3130\Assignment3\.\keycloak-config-cli\src\main\java\de\adorsys\keycloak\config\repository\AuthenticationFlowRepository.java,47
keycloak-config-cli,de.adorsys.keycloak.config.repository,AuthenticatorConfigRepository,2,0,6,6,28,6,0,0,0.0,2,3,C:\Vishnu\Dal_2022-23\Summer\CSCI_3130\Assignment3\.\keycloak-config-cli\src\main\java\de\adorsys\keycloak\config\repository\AuthenticatorConfigRepository.java,33
keycloak-config-cli,de.adorsys.keycloak.config.repository,ClientPoliciesRepository,2,0,5,3,59,11,0,0,0.0,1,2,C:\Vishnu\Dal_2022-23\Summer\CSCI_3130\Assignment3\.\keycloak-config-cli\src\main\java\de\adorsys\keycloak\config\repository\ClientPoliciesRepository.java,33
keycloak-config-cli,de.adorsys.keycloak.config.repository,ClientRepository,1,0,33,32,166,41,0,0,0.0,10,2,C:\Vishnu\Dal_2022-23\Summer\CSCI_3130\Assignment3\.\keycloak-config-cli\src\main\java\de\adorsys\keycloak\config\repository\ClientRepository.java,49
keycloak-config-cli,de.adorsys.keycloak.config.repository,ClientScopeRepository,1,0,15,13,92,21,0,0,0.0,2,2,C:\Vishnu\Dal_2022-23\Summer\CSCI_3130\Assignment3\.\keycloak-config-cli\src\main\java\de\adorsys\keycloak\config\repository\ClientScopeRepository.java,43
keycloak-config-cli,de.adorsys.keycloak.config.repository,ComponentRepository,1,0,9,8,52,12,0,0,0.0,1,2,C:\Vishnu\Dal_2022-23\Summer\CSCI_3130\Assignment3\.\keycloak-config-cli\src\main\java\de\adorsys\keycloak\config\repository\ComponentRepository.java,41
keycloak-config-cli,de.adorsys.keycloak.config.repository,ExecutionFlowRepository,2,0,8,7,54,10,0,0,0.0,2,1,C:\Vishnu\Dal_2022-23\Summer\CSCI_3130\Assignment3\.\keycloak-config-cli\src\main\java\de\adorsys\keycloak\config\repository\ExecutionFlowRepository.java,44
keycloak-config-cli,de.adorsys.keycloak.config.repository,GroupRepository,4,0,22,20,132,27,0,0,0.0,4,4,C:\Vishnu\Dal_2022-23\Summer\CSCI_3130\Assignment3\.\keycloak-config-cli\src\main\java\de\adorsys\keycloak\config\repository\GroupRepository.java,45
keycloak-config-cli,de.adorsys.keycloak.config.repository,IdentityProviderMapperRepository,1,0,7,7,41,9,0,0,0.0,1,1,C:\Vishnu\Dal_2022-23\Summer\CSCI_3130\Assignment3\.\keycloak-config-cli\src\main\java\de\adorsys\keycloak\config\repository\IdentityProviderMapperRepository.java,38
keycloak-config-cli,de.adorsys.keycloak.config.repository,IdentityProviderRepository,2,0,10,9,54,11,0,0,0.0,4,3,C:\Vishnu\Dal_2022-23\Summer\CSCI_3130\Assignment3\.\keycloak-config-cli\src\main\java\de\adorsys\keycloak\config\repository\IdentityProviderRepository.java,39
keycloak-config-cli,de.adorsys.keycloak.config.repository,RealmRepository,1,0,11,11,56,11,0,0,0.0,23,3,C:\Vishnu\Dal_2022-23\Summer\CSCI_3130\Assignment3\.\keycloak-config-cli\src\main\java\de\adorsys\keycloak\config\repository\RealmRepository.java,36
keycloak-config-cli,de.adorsys.keycloak.config.repository,RequiredActionRepository,1,0,7,7,41,8,0,0,0.0,1,1,C:\Vishnu\Dal_2022-23\Summer\CSCI_3130\Assignment3\.\keycloak-config-cli\src\main\java\de\adorsys\keycloak\config\repository\RequiredActionRepository.java,35
keycloak-config-cli,de.adorsys.keycloak.config.repository,RoleCompositeRepository,2,0,27,17,130,31,0,0,0.0,4,2,C:\Vishnu\Dal_2022-23\Summer\CSCI_3130\Assignment3\.\keycloak-config-cli\src\main\java\de\adorsys\keycloak\config\repository\RoleCompositeRepository.java,35
keycloak-config-cli,de.adorsys.keycloak.config.repository,RoleRepository,4,0,26,23,145,29,0,0,0.07692307692307693,7,5,C:\Vishnu\Dal_2022-23\Summer\CSCI_3130\Assignment3\.\keycloak-config-cli\src\main\java\de\adorsys\keycloak\config\repository\RoleRepository.java,38
keycloak-config-cli,de.adorsys.keycloak.config.repository,ScopeMappingRepository,3,0,12,8,68,14,0,0,0.0,2,3,C:\Vishnu\Dal_2022-23\Summer\CSCI_3130\Assignment3\.\keycloak-config-cli\src\main\java\de\adorsys\keycloak\config\repository\ScopeMappingRepository.java,36
keycloak-config-cli,de.adorsys.keycloak.config.repository,StateRepository,4,0,10,6,78,17,0,0,0.2,1,5,C:\Vishnu\Dal_2022-23\Summer\CSCI_3130\Assignment3\.\keycloak-config-cli\src\main\java\de\adorsys\keycloak\config\repository\StateRepository.java,38
keycloak-config-cli,de.adorsys.keycloak.config.repository,UserProfileRepository,3,1,4,2,51,10,0,0,0.0,1,2,C:\Vishnu\Dal_2022-23\Summer\CSCI_3130\Assignment3\.\keycloak-config-cli\src\main\java\de\adorsys\keycloak\config\repository\UserProfileRepository.java,36
keycloak-config-cli,de.adorsys.keycloak.config.repository,UserRepository,1,0,7,6,41,8,0,0,0.0,2,1,C:\Vishnu\Dal_2022-23\Summer\CSCI_3130\Assignment3\.\keycloak-config-cli\src\main\java\de\adorsys\keycloak\config\repository\UserRepository.java,38
keycloak-config-cli,de.adorsys.keycloak.config.resource,ManagementPermissions,0,0,4,0,9,4,0,0,-1.0,2,0,C:\Vishnu\Dal_2022-23\Summer\CSCI_3130\Assignment3\.\keycloak-config-cli\src\main\java\de\adorsys\keycloak\config\resource\ManagementPermissions.java,33
keycloak-config-cli,de.adorsys.keycloak.config.service,AuthenticationFlowsImportService,7,0,16,2,168,33,0,0,0.0,1,10,C:\Vishnu\Dal_2022-23\Summer\CSCI_3130\Assignment3\.\keycloak-config-cli\src\main\java\de\adorsys\keycloak\config\service\AuthenticationFlowsImportService.java,46
keycloak-config-cli,de.adorsys.keycloak.config.service,AuthenticatorConfigImportService,4,0,7,3,70,13,0,0,0.0,2,4,C:\Vishnu\Dal_2022-23\Summer\CSCI_3130\Assignment3\.\keycloak-config-cli\src\main\java\de\adorsys\keycloak\config\service\AuthenticatorConfigImportService.java,42
keycloak-config-cli,de.adorsys.keycloak.config.service,ClientAuthorizationImportService,10,1,29,2,298,55,0,0,0.10344827586206896,1,10,C:\Vishnu\Dal_2022-23\Summer\CSCI_3130\Assignment3\.\keycloak-config-cli\src\main\java\de\adorsys\keycloak\config\service\ClientAuthorizationImportService.java,56
keycloak-config-cli,de.adorsys.keycloak.config.service,ClientAuthorizationImportService.RealmManagementPermissionsResolver,2,0,0,0,63,0,0,0,-1.0,0,0,C:\Vishnu\Dal_2022-23\Summer\CSCI_3130\Assignment3\.\keycloak-config-cli\src\main\java\de\adorsys\keycloak\config\service\ClientAuthorizationImportService.java,544
keycloak-config-cli,de.adorsys.keycloak.config.service,ClientImportService,8,1,14,3,189,41,0,0,0.0,1,6,C:\Vishnu\Dal_2022-23\Summer\CSCI_3130\Assignment3\.\keycloak-config-cli\src\main\java\de\adorsys\keycloak\config\service\ClientImportService.java,49
keycloak-config-cli,de.adorsys.keycloak.config.service,ClientPoliciesImportService,2,0,2,2,15,2,0,0,0.0,1,2,C:\Vishnu\Dal_2022-23\Summer\CSCI_3130\Assignment3\.\keycloak-config-cli\src\main\java\de\adorsys\keycloak\config\service\ClientPoliciesImportService.java,32
keycloak-config-cli,de.adorsys.keycloak.config.service,ClientScopeImportService,4,0,18,4,145,41,0,0,0.0,1,7,C:\Vishnu\Dal_2022-23\Summer\CSCI_3130\Assignment3\.\keycloak-config-cli\src\main\java\de\adorsys\keycloak\config\service\ClientScopeImportService.java,43
keycloak-config-cli,de.adorsys.keycloak.config.service,ClientScopeMappingImportService,6,0,10,2,93,26,0,0,0.2,1,7,C:\Vishnu\Dal_2022-23\Summer\CSCI_3130\Assignment3\.\keycloak-config-cli\src\main\java\de\adorsys\keycloak\config\service\ClientScopeMappingImportService.java,44
keycloak-config-cli,de.adorsys.keycloak.config.service,ComponentImportService,5,0,18,2,177,45,0,0,0.0,1,6,C:\Vishnu\Dal_2022-23\Summer\CSCI_3130\Assignment3\.\keycloak-config-cli\src\main\java\de\adorsys\keycloak\config\service\ComponentImportService.java,41
keycloak-config-cli,de.adorsys.keycloak.config.service,DefaultGroupsImportService,2,0,2,2,34,8,0,0,0.0,1,3,C:\Vishnu\Dal_2022-23\Summer\CSCI_3130\Assignment3\.\keycloak-config-cli\src\main\java\de\adorsys\keycloak\config\service\DefaultGroupsImportService.java,35
keycloak-config-cli,de.adorsys.keycloak.config.service,ExecutionFlowsImportService,3,0,12,3,138,24,0,0,0.0,1,5,C:\Vishnu\Dal_2022-23\Summer\CSCI_3130\Assignment3\.\keycloak-config-cli\src\main\java\de\adorsys\keycloak\config\service\ExecutionFlowsImportService.java,44
keycloak-config-cli,de.adorsys.keycloak.config.service,GroupImportService,3,0,25,5,251,63,0,0,0.0,1,4,C:\Vishnu\Dal_2022-23\Summer\CSCI_3130\Assignment3\.\keycloak-config-cli\src\main\java\de\adorsys\keycloak\config\service\GroupImportService.java,37
keycloak-config-cli,de.adorsys.keycloak.config.service,IdentityProviderImportService,4,0,14,2,116,28,0,0,0.0,1,5,C:\Vishnu\Dal_2022-23\Summer\CSCI_3130\Assignment3\.\keycloak-config-cli\src\main\java\de\adorsys\keycloak\config\service\IdentityProviderImportService.java,41
keycloak-config-cli,de.adorsys.keycloak.config.service,RealmImportService,23,0,7,2,109,10,0,0,0.0,8,24,C:\Vishnu\Dal_2022-23\Summer\CSCI_3130\Assignment3\.\keycloak-config-cli\src\main\java\de\adorsys\keycloak\config\service\RealmImportService.java,36
keycloak-config-cli,de.adorsys.keycloak.config.service,RequiredActionsImportService,4,0,11,2,93,20,0,0,0.0,1,5,C:\Vishnu\Dal_2022-23\Summer\CSCI_3130\Assignment3\.\keycloak-config-cli\src\main\java\de\adorsys\keycloak\config\service\RequiredActionsImportService.java,39
keycloak-config-cli,de.adorsys.keycloak.config.service,RoleImportService,7,0,13,2,163,39,0,0,0.0,1,8,C:\Vishnu\Dal_2022-23\Summer\CSCI_3130\Assignment3\.\keycloak-config-cli\src\main\java\de\adorsys\keycloak\config\service\RoleImportService.java,46
keycloak-config-cli,de.adorsys.keycloak.config.service,ScopeMappingImportService,4,0,15,3,138,37,0,0,0.13333333333333333,1,5,C:\Vishnu\Dal_2022-23\Summer\CSCI_3130\Assignment3\.\keycloak-config-cli\src\main\java\de\adorsys\keycloak\config\service\ScopeMappingImportService.java,41
keycloak-config-cli,de.adorsys.keycloak.config.service,UserImportService,14,0,3,2,193,6,0,0,0.0,1,2,C:\Vishnu\Dal_2022-23\Summer\CSCI_3130\Assignment3\.\keycloak-config-cli\src\main\java\de\adorsys\keycloak\config\service\UserImportService.java,40
keycloak-config-cli,de.adorsys.keycloak.config.service,UserImportService.UserImport,5,0,0,0,153,0,0,0,-1.0,0,0,C:\Vishnu\Dal_2022-23\Summer\CSCI_3130\Assignment3\.\keycloak-config-cli\src\main\java\de\adorsys\keycloak\config\service\UserImportService.java,95
keycloak-config-cli,de.adorsys.keycloak.config.service,UserImportService.ClientRoleImport,3,0,0,0,28,0,0,0,-1.0,0,0,C:\Vishnu\Dal_2022-23\Summer\CSCI_3130\Assignment3\.\keycloak-config-cli\src\main\java\de\adorsys\keycloak\config\service\UserImportService.java,297
keycloak-config-cli,de.adorsys.keycloak.config.service,UserProfileImportService,2,0,3,2,24,5,0,0,0.0,1,3,C:\Vishnu\Dal_2022-23\Summer\CSCI_3130\Assignment3\.\keycloak-config-cli\src\main\java\de\adorsys\keycloak\config\service\UserProfileImportService.java,31
keycloak-config-cli,de.adorsys.keycloak.config.service,AuthorizeImportUsingServiceAccountIT,7,4,2,0,51,2,0,0,1.0,0,3,C:\Vishnu\Dal_2022-23\Summer\CSCI_3130\Assignment3\.\keycloak-config-cli\src\test\java\de\adorsys\keycloak\config\service\AuthorizeImportUsingServiceAccountIT.java,39
keycloak-config-cli,de.adorsys.keycloak.config.service,AuthorizeImportUsingServiceAccountIT.ImportRealmUsingServiceAccountFromMaster,3,2,0,0,19,0,0,0,-1.0,0,2,C:\Vishnu\Dal_2022-23\Summer\CSCI_3130\Assignment3\.\keycloak-config-cli\src\test\java\de\adorsys\keycloak\config\service\AuthorizeImportUsingServiceAccountIT.java,60
keycloak-config-cli,de.adorsys.keycloak.config.service,AuthorizeImportUsingServiceAccountIT.ImportRealmUsingServiceAccountFromDifferentRealm,3,2,0,0,18,0,0,0,-1.0,0,2,C:\Vishnu\Dal_2022-23\Summer\CSCI_3130\Assignment3\.\keycloak-config-cli\src\test\java\de\adorsys\keycloak\config\service\AuthorizeImportUsingServiceAccountIT.java,103
keycloak-config-cli,de.adorsys.keycloak.config.service,ImportAuthenticationFlowsIT,1,0,54,0,740,55,0,0,0.2777777777777778,0,4,C:\Vishnu\Dal_2022-23\Summer\CSCI_3130\Assignment3\.\keycloak-config-cli\src\test\java\de\adorsys\keycloak\config\service\ImportAuthenticationFlowsIT.java,44
keycloak-config-cli,de.adorsys.keycloak.config.service,ImportAuthenticatorConfigIT,1,0,11,0,104,11,0,0,0.2727272727272727,0,3,C:\Vishnu\Dal_2022-23\Summer\CSCI_3130\Assignment3\.\keycloak-config-cli\src\test\java\de\adorsys\keycloak\config\service\ImportAuthenticatorConfigIT.java,40
keycloak-config-cli,de.adorsys.keycloak.config.service,ImportClientPoliciesIT,1,0,7,0,48,7,0,0,0.2857142857142857,0,0,C:\Vishnu\Dal_2022-23\Summer\CSCI_3130\Assignment3\.\keycloak-config-cli\src\test\java\de\adorsys\keycloak\config\service\ImportClientPoliciesIT.java,33
keycloak-config-cli,de.adorsys.keycloak.config.service,ImportClientScopeMappingsIT,1,0,13,0,180,13,0,0,0.15384615384615385,0,1,C:\Vishnu\Dal_2022-23\Summer\CSCI_3130\Assignment3\.\keycloak-config-cli\src\test\java\de\adorsys\keycloak\config\service\ImportClientScopeMappingsIT.java,41
keycloak-config-cli,de.adorsys.keycloak.config.service,ImportClientScopesIT,1,0,17,0,237,18,0,0,0.17647058823529413,0,3,C:\Vishnu\Dal_2022-23\Summer\CSCI_3130\Assignment3\.\keycloak-config-cli\src\test\java\de\adorsys\keycloak\config\service\ImportClientScopesIT.java,43
keycloak-config-cli,de.adorsys.keycloak.config.service,ImportClientsIT,3,0,58,0,1819,83,0,0,0.1724137931034483,0,7,C:\Vishnu\Dal_2022-23\Summer\CSCI_3130\Assignment3\.\keycloak-config-cli\src\test\java\de\adorsys\keycloak\config\service\ImportClientsIT.java,79
keycloak-config-cli,de.adorsys.keycloak.config.service,ImportComponentsIT,1,0,23,0,409,26,0,0,0.13043478260869565,0,3,C:\Vishnu\Dal_2022-23\Summer\CSCI_3130\Assignment3\.\keycloak-config-cli\src\test\java\de\adorsys\keycloak\config\service\ImportComponentsIT.java,47
keycloak-config-cli,de.adorsys.keycloak.config.service,ImportDefaultGroupsIT,1,0,8,0,54,8,0,0,0.375,0,3,C:\Vishnu\Dal_2022-23\Summer\CSCI_3130\Assignment3\.\keycloak-config-cli\src\test\java\de\adorsys\keycloak\config\service\ImportDefaultGroupsIT.java,38
keycloak-config-cli,de.adorsys.keycloak.config.service,ImportExportedRealmIT,1,0,2,0,13,2,0,0,1.0,0,1,C:\Vishnu\Dal_2022-23\Summer\CSCI_3130\Assignment3\.\keycloak-config-cli\src\test\java\de\adorsys\keycloak\config\service\ImportExportedRealmIT.java,36
keycloak-config-cli,de.adorsys.keycloak.config.service,ImportGroupsIT,1,0,53,0,1218,53,0,0,0.03773584905660377,0,1,C:\Vishnu\Dal_2022-23\Summer\CSCI_3130\Assignment3\.\keycloak-config-cli\src\test\java\de\adorsys\keycloak\config\service\ImportGroupsIT.java,42
keycloak-config-cli,de.adorsys.keycloak.config.service,ImportIdentityProvidersIT,1,0,14,0,484,16,0,0,0.2857142857142857,0,1,C:\Vishnu\Dal_2022-23\Summer\CSCI_3130\Assignment3\.\keycloak-config-cli\src\test\java\de\adorsys\keycloak\config\service\ImportIdentityProvidersIT.java,38
keycloak-config-cli,de.adorsys.keycloak.config.service,ImportManagedClientsFullIT,1,0,3,0,24,3,0,0,0.6666666666666666,0,1,C:\Vishnu\Dal_2022-23\Summer\CSCI_3130\Assignment3\.\keycloak-config-cli\src\test\java\de\adorsys\keycloak\config\service\ImportManagedClientsFullIT.java,39
keycloak-config-cli,de.adorsys.keycloak.config.service,ImportManagedNoDeleteIT,1,0,5,0,47,5,0,0,0.4,0,0,C:\Vishnu\Dal_2022-23\Summer\CSCI_3130\Assignment3\.\keycloak-config-cli\src\test\java\de\adorsys\keycloak\config\service\ImportManagedNoDeleteIT.java,37
keycloak-config-cli,de.adorsys.keycloak.config.service,ImportManagedWithEncryptedStateIT,2,1,3,0,23,3,0,0,0.6666666666666666,0,2,C:\Vishnu\Dal_2022-23\Summer\CSCI_3130\Assignment3\.\keycloak-config-cli\src\test\java\de\adorsys\keycloak\config\service\ImportManagedWithEncryptedStateIT.java,39
keycloak-config-cli,de.adorsys.keycloak.config.service,ImportParallelImportIT,1,0,4,0,29,4,0,0,0.5,0,0,C:\Vishnu\Dal_2022-23\Summer\CSCI_3130\Assignment3\.\keycloak-config-cli\src\test\java\de\adorsys\keycloak\config\service\ImportParallelImportIT.java,37
keycloak-config-cli,de.adorsys.keycloak.config.service,ImportRealmCustomImportKeyIT,1,0,2,0,13,2,0,0,1.0,0,1,C:\Vishnu\Dal_2022-23\Summer\CSCI_3130\Assignment3\.\keycloak-config-cli\src\test\java\de\adorsys\keycloak\config\service\ImportRealmCustomImportKeyIT.java,35
keycloak-config-cli,de.adorsys.keycloak.config.service,ImportRealmSubstitutionIT,4,0,5,0,75,5,0,0,0.6,0,1,C:\Vishnu\Dal_2022-23\Summer\CSCI_3130\Assignment3\.\keycloak-config-cli\src\test\java\de\adorsys\keycloak\config\service\ImportRealmSubstitutionIT.java,39
keycloak-config-cli,de.adorsys.keycloak.config.service,ImportRealmSubstitutionIT.ImportRealmSubstitutionExtendedIT,2,0,0,0,19,0,0,0,-1.0,0,0,C:\Vishnu\Dal_2022-23\Summer\CSCI_3130\Assignment3\.\keycloak-config-cli\src\test\java\de\adorsys\keycloak\config\service\ImportRealmSubstitutionIT.java,120
keycloak-config-cli,de.adorsys.keycloak.config.service,ImportRealmSubstitutionIT.ImportRealmSubstitutionCustomPreSuffixIT,1,0,0,0,16,0,0,0,-1.0,0,0,C:\Vishnu\Dal_2022-23\Summer\CSCI_3130\Assignment3\.\keycloak-config-cli\src\test\java\de\adorsys\keycloak\config\service\ImportRealmSubstitutionIT.java,163
keycloak-config-cli,de.adorsys.keycloak.config.service,ImportRequiredActionsIT,1,0,12,0,192,12,0,0,0.16666666666666666,0,2,C:\Vishnu\Dal_2022-23\Summer\CSCI_3130\Assignment3\.\keycloak-config-cli\src\test\java\de\adorsys\keycloak\config\service\ImportRequiredActionsIT.java,38
keycloak-config-cli,de.adorsys.keycloak.config.service,ImportRolesIT,2,1,33,0,573,34,0,0,0.09090909090909091,0,6,C:\Vishnu\Dal_2022-23\Summer\CSCI_3130\Assignment3\.\keycloak-config-cli\src\test\java\de\adorsys\keycloak\config\service\ImportRolesIT.java,47
keycloak-config-cli,de.adorsys.keycloak.config.service,ImportRolesIT.RemoveDefaultRoleTest,1,1,0,0,12,0,0,0,-1.0,0,1,C:\Vishnu\Dal_2022-23\Summer\CSCI_3130\Assignment3\.\keycloak-config-cli\src\test\java\de\adorsys\keycloak\config\service\ImportRolesIT.java,1055
keycloak-config-cli,de.adorsys.keycloak.config.service,ImportScopeMappingsIT,1,0,18,0,195,18,0,0,0.3888888888888889,0,3,C:\Vishnu\Dal_2022-23\Summer\CSCI_3130\Assignment3\.\keycloak-config-cli\src\test\java\de\adorsys\keycloak\config\service\ImportScopeMappingsIT.java,44
keycloak-config-cli,de.adorsys.keycloak.config.service,ImportSimpleRealmIT,1,0,14,0,153,14,0,0,0.8571428571428571,0,4,C:\Vishnu\Dal_2022-23\Summer\CSCI_3130\Assignment3\.\keycloak-config-cli\src\test\java\de\adorsys\keycloak\config\service\ImportSimpleRealmIT.java,40
keycloak-config-cli,de.adorsys.keycloak.config.service,ImportUserFederationIT,3,0,11,1,100,11,0,0,0.2727272727272727,0,2,C:\Vishnu\Dal_2022-23\Summer\CSCI_3130\Assignment3\.\keycloak-config-cli\src\test\java\de\adorsys\keycloak\config\service\ImportUserFederationIT.java,42
keycloak-config-cli,de.adorsys.keycloak.config.service,ImportUserProfileIT,2,1,8,0,55,8,0,0,0.25,0,0,C:\Vishnu\Dal_2022-23\Summer\CSCI_3130\Assignment3\.\keycloak-config-cli\src\test\java\de\adorsys\keycloak\config\service\ImportUserProfileIT.java,36
keycloak-config-cli,de.adorsys.keycloak.config.service,ImportUsersIT,1,0,22,0,344,22,0,0,0.18181818181818182,0,4,C:\Vishnu\Dal_2022-23\Summer\CSCI_3130\Assignment3\.\keycloak-config-cli\src\test\java\de\adorsys\keycloak\config\service\ImportUsersIT.java,46
keycloak-config-cli,de.adorsys.keycloak.config.service.checksum,ChecksumService,3,0,4,3,26,4,0,0,0.0,1,4,C:\Vishnu\Dal_2022-23\Summer\CSCI_3130\Assignment3\.\keycloak-config-cli\src\main\java\de\adorsys\keycloak\config\service\checksum\ChecksumService.java,36
keycloak-config-cli,de.adorsys.keycloak.config.service.clientauthorization,ClientPermissionResolver,3,0,3,3,28,4,0,1,0.0,0,1,C:\Vishnu\Dal_2022-23\Summer\CSCI_3130\Assignment3\.\keycloak-config-cli\src\main\java\de\adorsys\keycloak\config\service\clientauthorization\ClientPermissionResolver.java,31
keycloak-config-cli,de.adorsys.keycloak.config.service.clientauthorization,GroupPermissionResolver,3,0,3,3,28,4,0,1,0.0,0,1,C:\Vishnu\Dal_2022-23\Summer\CSCI_3130\Assignment3\.\keycloak-config-cli\src\main\java\de\adorsys\keycloak\config\service\clientauthorization\GroupPermissionResolver.java,31
keycloak-config-cli,de.adorsys.keycloak.config.service.clientauthorization,IdpPermissionResolver,4,0,4,3,26,6,0,1,0.0,0,1,C:\Vishnu\Dal_2022-23\Summer\CSCI_3130\Assignment3\.\keycloak-config-cli\src\main\java\de\adorsys\keycloak\config\service\clientauthorization\IdpPermissionResolver.java,33
keycloak-config-cli,de.adorsys.keycloak.config.service.clientauthorization,PermissionResolver,0,0,2,0,4,2,4,0,-1.0,0,0,C:\Vishnu\Dal_2022-23\Summer\CSCI_3130\Assignment3\.\keycloak-config-cli\src\main\java\de\adorsys\keycloak\config\service\clientauthorization\PermissionResolver.java,23
keycloak-config-cli,de.adorsys.keycloak.config.service.clientauthorization,PermissionTypeAndId,2,2,9,7,61,14,0,0,0.3333333333333333,1,0,C:\Vishnu\Dal_2022-23\Summer\CSCI_3130\Assignment3\.\keycloak-config-cli\src\main\java\de\adorsys\keycloak\config\service\clientauthorization\PermissionTypeAndId.java,28
keycloak-config-cli,de.adorsys.keycloak.config.service.clientauthorization,RolePermissionResolver,3,0,3,3,28,4,0,1,0.0,0,1,C:\Vishnu\Dal_2022-23\Summer\CSCI_3130\Assignment3\.\keycloak-config-cli\src\main\java\de\adorsys\keycloak\config\service\clientauthorization\RolePermissionResolver.java,31
keycloak-config-cli,de.adorsys.keycloak.config.service.clientauthorization,PermissionTypeAndIdTest,0,0,4,2,16,4,0,0,-1.0,0,1,C:\Vishnu\Dal_2022-23\Summer\CSCI_3130\Assignment3\.\keycloak-config-cli\src\test\java\de\adorsys\keycloak\config\service\clientauthorization\PermissionTypeAndIdTest.java,33
keycloak-config-cli,de.adorsys.keycloak.config.service.rolecomposites.client,ClientCompositeImport,3,0,8,2,56,12,0,0,0.0,1,2,C:\Vishnu\Dal_2022-23\Summer\CSCI_3130\Assignment3\.\keycloak-config-cli\src\main\java\de\adorsys\keycloak\config\service\rolecomposites\client\ClientCompositeImport.java,34
keycloak-config-cli,de.adorsys.keycloak.config.service.rolecomposites.client,ClientRoleCompositeImportService,2,0,4,2,31,6,0,0,0.0,1,2,C:\Vishnu\Dal_2022-23\Summer\CSCI_3130\Assignment3\.\keycloak-config-cli\src\main\java\de\adorsys\keycloak\config\service\rolecomposites\client\ClientRoleCompositeImportService.java,31
keycloak-config-cli,de.adorsys.keycloak.config.service.rolecomposites.client,RealmCompositeImport,2,0,6,2,34,7,0,0,0.0,1,1,C:\Vishnu\Dal_2022-23\Summer\CSCI_3130\Assignment3\.\keycloak-config-cli\src\main\java\de\adorsys\keycloak\config\service\rolecomposites\client\RealmCompositeImport.java,34
keycloak-config-cli,de.adorsys.keycloak.config.service.rolecomposites.realm,ClientCompositeImport,3,0,8,2,57,12,0,0,0.0,1,2,C:\Vishnu\Dal_2022-23\Summer\CSCI_3130\Assignment3\.\keycloak-config-cli\src\main\java\de\adorsys\keycloak\config\service\rolecomposites\realm\ClientCompositeImport.java,33
keycloak-config-cli,de.adorsys.keycloak.config.service.rolecomposites.realm,RealmCompositeImport,2,0,6,2,34,7,0,0,0.0,1,1,C:\Vishnu\Dal_2022-23\Summer\CSCI_3130\Assignment3\.\keycloak-config-cli\src\main\java\de\adorsys\keycloak\config\service\rolecomposites\realm\RealmCompositeImport.java,34
keycloak-config-cli,de.adorsys.keycloak.config.service.rolecomposites.realm,RealmRoleCompositeImportService,2,0,4,2,28,5,0,0,0.0,1,2,C:\Vishnu\Dal_2022-23\Summer\CSCI_3130\Assignment3\.\keycloak-config-cli\src\main\java\de\adorsys\keycloak\config\service\rolecomposites\realm\RealmRoleCompositeImportService.java,30
keycloak-config-cli,de.adorsys.keycloak.config.service.state,StateService,3,0,17,10,124,35,0,0,0.0,6,3,C:\Vishnu\Dal_2022-23\Summer\CSCI_3130\Assignment3\.\keycloak-config-cli\src\main\java\de\adorsys\keycloak\config\service\state\StateService.java,39
keycloak-config-cli,de.adorsys.keycloak.config.util,AuthenticationFlowUtil,0,0,6,3,24,7,0,0,-1.0,2,1,C:\Vishnu\Dal_2022-23\Summer\CSCI_3130\Assignment3\.\keycloak-config-cli\src\main\java\de\adorsys\keycloak\config\util\AuthenticationFlowUtil.java,34
keycloak-config-cli,de.adorsys.keycloak.config.util,ClientScopeUtil,0,0,3,2,35,11,0,0,-1.0,1,0,C:\Vishnu\Dal_2022-23\Summer\CSCI_3130\Assignment3\.\keycloak-config-cli\src\main\java\de\adorsys\keycloak\config\util\ClientScopeUtil.java,27
keycloak-config-cli,de.adorsys.keycloak.config.util,CloneUtil,3,0,6,4,62,11,0,0,0.5,11,0,C:\Vishnu\Dal_2022-23\Summer\CSCI_3130\Assignment3\.\keycloak-config-cli\src\main\java\de\adorsys\keycloak\config\util\CloneUtil.java,34
keycloak-config-cli,de.adorsys.keycloak.config.util,CryptoUtil,0,0,3,2,11,3,0,0,-1.0,2,0,C:\Vishnu\Dal_2022-23\Summer\CSCI_3130\Assignment3\.\keycloak-config-cli\src\main\java\de\adorsys\keycloak\config\util\CryptoUtil.java,25
keycloak-config-cli,de.adorsys.keycloak.config.util,JsonUtil,1,0,5,3,40,6,0,0,0.4,4,0,C:\Vishnu\Dal_2022-23\Summer\CSCI_3130\Assignment3\.\keycloak-config-cli\src\main\java\de\adorsys\keycloak\config\util\JsonUtil.java,33
keycloak-config-cli,de.adorsys.keycloak.config.util,KeycloakUtil,0,0,4,2,17,5,0,0,-1.0,3,0,C:\Vishnu\Dal_2022-23\Summer\CSCI_3130\Assignment3\.\keycloak-config-cli\src\main\java\de\adorsys\keycloak\config\util\KeycloakUtil.java,28
keycloak-config-cli,de.adorsys.keycloak.config.util,ProtocolMapperUtil,0,0,5,4,60,19,0,0,-1.0,1,1,C:\Vishnu\Dal_2022-23\Summer\CSCI_3130\Assignment3\.\keycloak-config-cli\src\main\java\de\adorsys\keycloak\config\util\ProtocolMapperUtil.java,30
keycloak-config-cli,de.adorsys.keycloak.config.util,ResponseUtil,0,0,2,1,15,2,0,0,-1.0,6,0,C:\Vishnu\Dal_2022-23\Summer\CSCI_3130\Assignment3\.\keycloak-config-cli\src\main\java\de\adorsys\keycloak\config\util\ResponseUtil.java,25
keycloak-config-cli,de.adorsys.keycloak.config.util,ResteasyUtil,0,0,2,1,20,4,0,0,-1.0,1,1,C:\Vishnu\Dal_2022-23\Summer\CSCI_3130\Assignment3\.\keycloak-config-cli\src\main\java\de\adorsys\keycloak\config\util\ResteasyUtil.java,33
keycloak-config-cli,de.adorsys.keycloak.config.util,VersionUtil,0,0,8,7,39,10,0,0,-1.0,5,0,C:\Vishnu\Dal_2022-23\Summer\CSCI_3130\Assignment3\.\keycloak-config-cli\src\main\java\de\adorsys\keycloak\config\util\VersionUtil.java,23
keycloak-config-cli,de.adorsys.keycloak.config.util,AuthenticationFlowUtilTest,0,0,1,0,5,1,0,0,-1.0,0,0,C:\Vishnu\Dal_2022-23\Summer\CSCI_3130\Assignment3\.\keycloak-config-cli\src\test\java\de\adorsys\keycloak\config\util\AuthenticationFlowUtilTest.java,29
keycloak-config-cli,de.adorsys.keycloak.config.util,ClientScopeUtilTest,0,0,3,0,26,3,0,0,-1.0,0,1,C:\Vishnu\Dal_2022-23\Summer\CSCI_3130\Assignment3\.\keycloak-config-cli\src\test\java\de\adorsys\keycloak\config\util\ClientScopeUtilTest.java,35
keycloak-config-cli,de.adorsys.keycloak.config.util,CloneUtilTest,0,0,10,0,75,10,0,0,-1.0,0,3,C:\Vishnu\Dal_2022-23\Summer\CSCI_3130\Assignment3\.\keycloak-config-cli\src\test\java\de\adorsys\keycloak\config\util\CloneUtilTest.java,34
keycloak-config-cli,de.adorsys.keycloak.config.util,CryptoUtilTest,1,0,3,0,18,3,0,0,0.6666666666666666,0,1,C:\Vishnu\Dal_2022-23\Summer\CSCI_3130\Assignment3\.\keycloak-config-cli\src\test\java\de\adorsys\keycloak\config\util\CryptoUtilTest.java,33
keycloak-config-cli,de.adorsys.keycloak.config.util,JsonUtilTest,0,0,2,0,8,2,0,0,-1.0,0,2,C:\Vishnu\Dal_2022-23\Summer\CSCI_3130\Assignment3\.\keycloak-config-cli\src\test\java\de\adorsys\keycloak\config\util\JsonUtilTest.java,28
keycloak-config-cli,de.adorsys.keycloak.config.util,KeycloakUtilTest,0,0,3,0,24,3,0,0,-1.0,0,1,C:\Vishnu\Dal_2022-23\Summer\CSCI_3130\Assignment3\.\keycloak-config-cli\src\test\java\de\adorsys\keycloak\config\util\KeycloakUtilTest.java,31
keycloak-config-cli,de.adorsys.keycloak.config.util,ProtocolMapperUtilTest,0,0,1,0,5,1,0,0,-1.0,0,0,C:\Vishnu\Dal_2022-23\Summer\CSCI_3130\Assignment3\.\keycloak-config-cli\src\test\java\de\adorsys\keycloak\config\util\ProtocolMapperUtilTest.java,29
keycloak-config-cli,de.adorsys.keycloak.config.util,ResponseUtilTest,0,0,1,0,5,1,0,0,-1.0,0,0,C:\Vishnu\Dal_2022-23\Summer\CSCI_3130\Assignment3\.\keycloak-config-cli\src\test\java\de\adorsys\keycloak\config\util\ResponseUtilTest.java,29
keycloak-config-cli,de.adorsys.keycloak.config.util,ResteasyUtilTest,0,0,1,0,5,1,0,0,-1.0,0,0,C:\Vishnu\Dal_2022-23\Summer\CSCI_3130\Assignment3\.\keycloak-config-cli\src\test\java\de\adorsys\keycloak\config\util\ResteasyUtilTest.java,29
keycloak-config-cli,de.adorsys.keycloak.config.util,VersionUtilTest,0,0,7,0,36,7,0,0,-1.0,0,1,C:\Vishnu\Dal_2022-23\Summer\CSCI_3130\Assignment3\.\keycloak-config-cli\src\test\java\de\adorsys\keycloak\config\util\VersionUtilTest.java,29
keycloak-config-cli,de.adorsys.keycloak.config.util.resteasy,CookieClientFilter,1,0,2,2,13,2,0,0,0.0,1,0,C:\Vishnu\Dal_2022-23\Summer\CSCI_3130\Assignment3\.\keycloak-config-cli\src\main\java\de\adorsys\keycloak\config\util\resteasy\CookieClientFilter.java,38
keycloak-config-cli,de.adorsys.keycloak.config.assets,OtherTestObject,10,0,10,10,94,18,0,0,0.0,2,0,C:\Vishnu\Dal_2022-23\Summer\CSCI_3130\Assignment3\.\keycloak-config-cli\src\test\java\de\adorsys\keycloak\config\assets\OtherTestObject.java,29
keycloak-config-cli,de.adorsys.keycloak.config.assets,OtherTestObject.InnerTestObject,3,0,0,0,33,0,0,0,-1.0,0,0,C:\Vishnu\Dal_2022-23\Summer\CSCI_3130\Assignment3\.\keycloak-config-cli\src\test\java\de\adorsys\keycloak\config\assets\OtherTestObject.java,118
keycloak-config-cli,de.adorsys.keycloak.config.assets,ReflectionTestObject,0,0,1,0,4,1,0,0,-1.0,0,0,C:\Vishnu\Dal_2022-23\Summer\CSCI_3130\Assignment3\.\keycloak-config-cli\src\test\java\de\adorsys\keycloak\config\assets\ReflectionTestObject.java,23
keycloak-config-cli,de.adorsys.keycloak.config.assets,TestObject,16,0,20,20,190,35,0,0,0.0,1,1,C:\Vishnu\Dal_2022-23\Summer\CSCI_3130\Assignment3\.\keycloak-config-cli\src\test\java\de\adorsys\keycloak\config\assets\TestObject.java,30
keycloak-config-cli,de.adorsys.keycloak.config.assets,TestObject.InnerTestObject,8,0,0,0,90,0,0,0,-1.0,0,0,C:\Vishnu\Dal_2022-23\Summer\CSCI_3130\Assignment3\.\keycloak-config-cli\src\test\java\de\adorsys\keycloak\config\assets\TestObject.java,179
keycloak-config-cli,de.adorsys.keycloak.config.assets,TestObject.InnerInnerTestObject,3,0,0,0,37,0,0,0,-1.0,0,0,C:\Vishnu\Dal_2022-23\Summer\CSCI_3130\Assignment3\.\keycloak-config-cli\src\test\java\de\adorsys\keycloak\config\assets\TestObject.java,258
keycloak-config-cli,de.adorsys.keycloak.config.extensions,ContainerLogsExtension,2,0,4,4,28,6,0,0,0.5,0,0,C:\Vishnu\Dal_2022-23\Summer\CSCI_3130\Assignment3\.\keycloak-config-cli\src\test\java\de\adorsys\keycloak\config\extensions\ContainerLogsExtension.java,29
keycloak-config-cli,de.adorsys.keycloak.config.extensions,GithubActionsExtension,0,0,3,2,34,7,0,0,-1.0,0,0,C:\Vishnu\Dal_2022-23\Summer\CSCI_3130\Assignment3\.\keycloak-config-cli\src\test\java\de\adorsys\keycloak\config\extensions\GithubActionsExtension.java,30
keycloak-config-cli,de.adorsys.keycloak.config.extensions,LdapExtension,6,4,3,3,39,5,0,0,0.0,1,0,C:\Vishnu\Dal_2022-23\Summer\CSCI_3130\Assignment3\.\keycloak-config-cli\src\test\java\de\adorsys\keycloak\config\extensions\LdapExtension.java,37
keycloak-config-cli,de.adorsys.keycloak.config.mock,CookieMockIT,3,2,2,0,25,2,0,0,1.0,0,4,C:\Vishnu\Dal_2022-23\Summer\CSCI_3130\Assignment3\.\keycloak-config-cli\src\test\java\de\adorsys\keycloak\config\mock\CookieMockIT.java,40
keycloak-config-cli,de.adorsys.keycloak.config.test.util,KeycloakAuthentication,1,0,3,3,12,3,0,0,0.0,1,1,C:\Vishnu\Dal_2022-23\Summer\CSCI_3130\Assignment3\.\keycloak-config-cli\src\test\java\de\adorsys\keycloak\config\test\util\KeycloakAuthentication.java,29
keycloak-config-cli,de.adorsys.keycloak.config.test.util,KeycloakMock,1,0,5,5,42,6,0,0,0.0,1,1,C:\Vishnu\Dal_2022-23\Summer\CSCI_3130\Assignment3\.\keycloak-config-cli\src\test\java\de\adorsys\keycloak\config\test\util\KeycloakMock.java,36
keycloak-config-cli,de.adorsys.keycloak.config.test.util,KeycloakRepository,1,0,11,11,54,11,0,0,0.36363636363636365,1,1,C:\Vishnu\Dal_2022-23\Summer\CSCI_3130\Assignment3\.\keycloak-config-cli\src\test\java\de\adorsys\keycloak\config\test\util\KeycloakRepository.java,37
